,States,x-cor,y-cor
0,Himachal Pradesh,-123.0,221.0
1,Punjab,-156.0,191.0
2,Uttarakhand,-81.0,184.0
3,Haryana,-136.0,149.0
4,Rajasthan,-196.0,79.0
5,Uttar Pradesh,-40.0,87.0
6,Bihar,72.0,60.0
7,Gujarat,-243.0,-8.0
8,Madhya Pradesh,-93.0,-9.0
9,Jharkhand,61.0,8.0
10,West Bengal,123.0,-9.0
11,Maharashtra,-160.0,-96.0
12,Chhattisgarh,-11.0,-52.0
13,Odisha,47.0,-70.0
14,Goa,-191.0,-195.0
15,Karnataka,-152.0,-190.0
16,Telangana,-80.0,-136.0
17,Andhra Pradesh,-71.0,-196.0
18,Kerala,-137.0,-307.0
19,Tamil Nadu,-91.0,-298.0
20,Sikkim,138.0,107.0
21,Arunachal Pradesh,275.0,122.0
22,Assam,234.0,73.0
23,Meghalaya,196.0,53.0
24,Nagaland,277.0,66.0
25,Manipur,262.0,34.0
26,Tripura,213.0,11.0
27,Mizoram,240.0,-1.0
